{
    "312352": {
        "kFactor": 1.0,
        "xsec": 0.026861,
        "dsid": "312352",
        "genFiltEff": 1.0
    },
    "313333": {
        "kFactor": 1.0,
        "xsec": 0.11467,
        "dsid": "313333",
        "genFiltEff": 1.0
    }
}